{
  "seed": 0,
  "harness_plumbing_proof": {
    "n_test_records": 1374,
    "pair_f1": 0.0,
    "bcubed_f1": 0.8545227177990851,
    "usd_total": 0.0
  },
  "call_count_reduction": {
    "n_test_records": 1374,
    "n_groups_total": 1374,
    "n_groups_nonempty": 1374,
    "n_pairs": 48854,
    "n_pairwise_calls_naive": 48854,
    "n_select_calls": 1374,
    "call_reduction_ratio": 35.55604075691412,
    "group_size_min": 2,
    "group_size_max": 50,
    "group_size_mean": 35.55604075691412,
    "group_size_distribution": {
      "2": 1,
      "3": 2,
      "4": 1,
      "5": 3,
      "6": 3,
      "7": 3,
      "8": 7,
      "9": 5,
      "10": 5,
      "11": 7,
      "12": 7,
      "13": 10,
      "14": 11,
      "15": 12,
      "16": 13,
      "17": 13,
      "18": 12,
      "19": 12,
      "20": 21,
      "21": 21,
      "22": 16,
      "23": 23,
      "24": 18,
      "25": 34,
      "26": 39,
      "27": 36,
      "28": 22,
      "29": 26,
      "30": 26,
      "31": 33,
      "32": 34,
      "33": 37,
      "34": 33,
      "35": 40,
      "36": 36,
      "37": 44,
      "38": 49,
      "39": 55,
      "40": 38,
      "41": 63,
      "42": 58,
      "43": 52,
      "44": 64,
      "45": 64,
      "46": 63,
      "47": 44,
      "48": 48,
      "49": 47,
      "50": 63
    }
  }
}