{
  "model": "openrouter/openai/gpt-4o-mini",
  "budget_usd": 9.0,
  "estimate_usd": 0.36962,
  "link": {
    "match": true,
    "score": 0.95,
    "judge_used": "custom"
  },
  "dedupe": {
    "clusters": [
      [
        "d1",
        "d2"
      ]
    ],
    "n_clusters": 1
  },
  "signal_log_rows": 4,
  "verb_cost_usd": 0.0018152,
  "group_call": {
    "n_llm_calls": 1,
    "n_members": 22,
    "n_judgements": 22,
    "cost_usd": 0.010854799999999996
  },
  "ag_pairwise": {
    "f1": 0.6881720430107526,
    "precision": 0.6736842105263158,
    "recall": 0.7032967032967034,
    "best_threshold": 0.35,
    "n_llm_calls": 1421,
    "cost_usd": 0.2636482000000001
  },
  "ag_setwise": {
    "f1": 0.6203703703703705,
    "precision": 0.536,
    "recall": 0.7362637362637363,
    "best_threshold": 0.05,
    "n_llm_calls": 300,
    "cost_usd": 0.4034320000000009
  },
  "total_spent_usd": 0.6797502000000011,
  "budget_remaining_usd": 8.3202498
}